topic,count
air purifier dyson,100
dyson,98
home air purifier,97
philips air purifier,93
air filter,91
philips,90
air purifier filter,87
air purifier india,86
air purifier for home,85
air purifier price,83
air purifier best,81
car air purifier,61
air purifier in india,56
room air purifier,54
mi air purifier,53
mi,52
water purifier,36
sharp air purifier,35
best air purifier india,35
coway,34
sharp,33
coway air purifier,33
air purifier plants,31
air purifier for room,31
ac air purifier,29
,
,
,
,
,
,
,
,
,
,
,
,
,
,
,
,
,
,
,
,
,
,
,
,
,
,
,
,
,
,
